{
    "loss": 0.37640058994293213,
    "accuracy": 0.9051724076271057
}