{
    "loss": 0.6002354621887207,
    "accuracy": 0.8362069129943848
}